canal;campanha;grupo de anúncio;data;impressões;cliques;leads;valor gasto
"facebook;atr_leads | Genérica  + Geral Promo [CBO];LAL 1% COMPRADORES;45473;1899;10;1;48,3"
"facebook;atr_leads | avalie o seu usado [CBO] 2;LAL 1% COMPRADORES — AJUSTADO;45473;3687;38;4;60,47"
"facebook;atr_leads | promo - creta [CBO] 2;RMKT;45473;1080;7;3;32,62"
"facebook;atr_leads | promo - hb20 (CBO) 2;LAL Compradores 1%;45473;1059;3;1;13,96"
"facebook;atr_leads | promo - hb20 (CBO) 2;RMKT;45473;768;5;;16,77"
"facebook;atr_leads | Genérica  + Geral Promo [CBO];LAL 1% COMPRADORES;45472;870;8;;24,34"
"facebook;atr_leads | avalie o seu usado [CBO] 2;LAL 1% COMPRADORES — AJUSTADO;45472;1645;12;1;29,81"
"facebook;atr_leads | promo - creta [CBO] 2;RMKT;45472;1624;10;;40,86"
"facebook;atr_leads | promo - hb20 (CBO) 2;LAL Compradores 1%;45472;1295;10;1;17,58"
"facebook;atr_leads | promo - hb20 (CBO) 2;RMKT;45472;1080;5;;23,91"
"facebook;atr_leads | Genérica  + Geral Promo [CBO];LAL 1% COMPRADORES;45471;1049;7;2;30,83"
"facebook;atr_leads | avalie o seu usado [CBO] 2;LAL 1% COMPRADORES — AJUSTADO;45471;2188;18;3;35,47"
"facebook;atr_leads | promo - creta [CBO] 2;RMKT;45471;2136;11;2;43,31"
"facebook;atr_leads | promo - hb20 (CBO) 2;LAL Compradores 1%;45471;1171;13;4;19,25"
"facebook;atr_leads | promo - hb20 (CBO) 2;RMKT;45471;1067;8;;24,03"
"facebook;atr_leads | Genérica  + Geral Promo [CBO];LAL 1% COMPRADORES;45470;944;11;1;29,49"
"facebook;atr_leads | avalie o seu usado [CBO] 2;LAL 1% COMPRADORES — AJUSTADO;45470;1994;16;3;34,15"
"facebook;atr_leads | promo - creta [CBO] 2;RMKT;45470;2175;10;3;44,57"
"facebook;atr_leads | promo - hb20 (CBO) 2;LAL Compradores 1%;45470;1745;3;1;22,43"
"facebook;atr_leads | promo - hb20 (CBO) 2;RMKT;45470;1005;12;2;20,86"
"facebook;atr_leads | Genérica  + Geral Promo [CBO];LAL 1% COMPRADORES;45469;1191;7;2;29,26"
"facebook;atr_leads | avalie o seu usado [CBO] 2;LAL 1% COMPRADORES — AJUSTADO;45469;2477;15;4;35,64"
"facebook;atr_leads | promo - creta [CBO] 2;RMKT;45469;2552;11;2;44,6"
"facebook;atr_leads | promo - hb20 (CBO) 2;LAL Compradores 1%;45469;1961;4;2;25,76"
"facebook;atr_leads | promo - hb20 (CBO) 2;RMKT;45469;916;4;3;18,94"
facebook;atr_leads | Genérica  + Geral Promo [CBO];LAL 1% COMPRADORES;45468;1005;6;;30
"facebook;atr_leads | avalie o seu usado [CBO] 2;LAL 1% COMPRADORES — AJUSTADO;45468;2441;21;4;35,06"
"facebook;atr_leads | promo - creta [CBO] 2;RMKT;45468;2247;12;2;45,99"
"facebook;atr_leads | promo - hb20 (CBO) 2;LAL Compradores 1%;45468;2249;7;2;29,12"
"facebook;atr_leads | promo - hb20 (CBO) 2;RMKT;45468;695;7;2;15,98"
"facebook;atr_leads | Genérica  + Geral Promo [CBO];LAL 1% COMPRADORES;45467;1231;7;;31,08"
"facebook;atr_leads | avalie o seu usado [CBO] 2;LAL 1% COMPRADORES — AJUSTADO;45467;2138;19;5;31,8"
"facebook;atr_leads | promo - creta [CBO] 2;RMKT;45467;1791;17;3;44,86"
"facebook;atr_leads | promo - hb20 (CBO) 2;LAL Compradores 1%;45467;1859;12;1;28,46"
"facebook;atr_leads | promo - hb20 (CBO) 2;RMKT;45467;1052;8;;17,46"
"facebook;atr_leads | avalie o seu usado [CBO] 2;LAL 1% COMPRADORES — AJUSTADO;45466;1757;10;2;27,74"
"facebook;atr_leads | promo - creta [CBO] 2;RMKT;45466;1625;15;3;43,06"
"facebook;atr_leads | promo - hb20 (CBO) 2;LAL Compradores 1%;45466;1658;15;4;22,77"
"facebook;atr_leads | promo - hb20 (CBO) 2;RMKT;45466;894;8;;19,64"
"facebook;atr_leads | Hyundai Day;LAL Compradores 1%;45465;1360;3;1;23,08"
"facebook;atr_leads | avalie o seu usado [CBO] 2;LAL 1% COMPRADORES — AJUSTADO;45465;1282;9;2;22,55"
"facebook;atr_leads | promo - creta [CBO] 2;RMKT;45465;1176;12;1;35,31"
"facebook;atr_leads | promo - hb20 (CBO) 2;LAL Compradores 1%;45465;699;1;1;13,84"
"facebook;atr_leads | promo - hb20 (CBO) 2;RMKT;45465;1141;7;;28,27"
"facebook;atr_leads | Hyundai Day;LAL Compradores 1%;45464;2382;8;3;52,75"
"facebook;atr_leads | avalie o seu usado [CBO] 2;LAL 1% COMPRADORES — AJUSTADO;45464;1511;14;2;24,4"
"facebook;atr_leads | promo - creta [CBO] 2;RMKT;45464;1242;15;1;39,2"
"facebook;atr_leads | promo - hb20 (CBO) 2;LAL Compradores 1%;45464;730;5;2;14,5"
"facebook;atr_leads | promo - hb20 (CBO) 2;RMKT;45464;1358;5;;28,86"
"facebook;atr_leads | Hyundai Day;LAL Compradores 1%;45463;2441;10;2;51,78"
"facebook;atr_leads | avalie o seu usado [CBO] 2;LAL 1% COMPRADORES — AJUSTADO;45463;1471;14;5;24,02"
"facebook;atr_leads | promo - creta [CBO] 2;RMKT;45463;1272;17;3;38,97"
"facebook;atr_leads | promo - hb20 (CBO) 2;LAL Compradores 1%;45463;945;1;1;19,42"
"facebook;atr_leads | promo - hb20 (CBO) 2;RMKT;45463;1447;8;1;23,97"
"facebook;atr_leads | Hyundai Day;LAL Compradores 1%;45462;2494;12;5;53,57"
"facebook;atr_leads | avalie o seu usado [CBO] 2;LAL 1% COMPRADORES — AJUSTADO;45462;1264;14;4;24,62"
"facebook;atr_leads | promo - creta [CBO] 2;RMKT;45462;1756;13;1;39,78"
"facebook;atr_leads | promo - hb20 (CBO) 2;LAL Compradores 1%;45462;613;2;1;10,86"
"facebook;atr_leads | promo - hb20 (CBO) 2;RMKT;45462;674;3;;15,52"
"facebook;atr_leads | Hyundai Day;LAL Compradores 1%;45461;2782;22;6;52,71"
"facebook;atr_leads | avalie o seu usado [CBO] 2;LAL 1% COMPRADORES — AJUSTADO;45461;1342;14;;25,5"
"facebook;atr_leads | promo - creta [CBO] 2;RMKT;45461;1853;20;5;40,33"
"facebook;atr_leads | promo - hb20 (CBO) 2;LAL Compradores 1%;45461;1641;10;1;21,6"
"facebook;atr_leads | promo - hb20 (CBO) 2;RMKT;45461;1000;5;;18,27"
"facebook;atr_leads | Hyundai Day;LAL Compradores 1%;45460;1931;18;3;38,18"
"facebook;atr_leads | Hyundai Day;LAL Volvo + Interesses Hyundai;45460;815;3;1;17,01"
"facebook;atr_leads | avalie o seu usado [CBO] 2;LAL 1% COMPRADORES — AJUSTADO;45460;1517;20;4;26,15"
"facebook;atr_leads | promo - creta [CBO] 2;RMKT;45460;2099;22;2;42,22"
"facebook;atr_leads | promo - hb20 (CBO) 2;LAL Compradores 1%;45460;2151;10;;22,32"
"facebook;atr_leads | promo - hb20 (CBO) 2;RMKT;45460;933;5;3;19,1"
"facebook;atr_leads | avalie o seu usado [CBO] 2;LAL 1% COMPRADORES — AJUSTADO;45459;1811;15;2;27,69"
"facebook;atr_leads | promo - creta [CBO] 2;RMKT;45459;1881;17;2;44,19"
"facebook;atr_leads | promo - hb20 (CBO) 2;LAL Compradores 1%;45459;2663;13;3;28,4"
"facebook;atr_leads | promo - hb20 (CBO) 2;RMKT;45459;690;9;2;14,94"
"facebook;atr_leads | avalie o seu usado [CBO] 2;LAL 1% COMPRADORES — AJUSTADO;45458;1464;13;;22,83"
"facebook;atr_leads | promo - creta [CBO] 2;RMKT;45458;2155;9;2;36,79"
"facebook;atr_leads | promo - hb20 (CBO) 2;LAL Compradores 1%;45458;1582;18;4;21,94"
"facebook;atr_leads | promo - hb20 (CBO) 2;RMKT;45458;516;9;2;14,78"
"facebook;atr_leads | avalie o seu usado [CBO] 2;LAL 1% COMPRADORES — AJUSTADO;45457;1370;16;6;24,15"
"facebook;atr_leads | promo - creta [CBO] 2;RMKT;45457;1717;20;1;37,85"
"facebook;atr_leads | promo - hb20 (CBO) 2;LAL Compradores 1%;45457;1404;11;;17,73"
"facebook;atr_leads | promo - hb20 (CBO) 2;LAL Volvo + Interesses Hyundai;45457;448;1;;6,94"
"facebook;atr_leads | promo - hb20 (CBO) 2;RMKT;45457;592;4;;13,81"
"facebook;atr_leads | Hyundai Day;LAL Compradores 1%;45456;504;4;2;10,65"
"facebook;atr_leads | Hyundai Day;LAL Volvo + Interesses Hyundai;45456;399;1;;6,65"
"facebook;atr_leads | avalie o seu usado [CBO] 2;LAL 1% COMPRADORES — AJUSTADO;45456;1411;8;1;23,21"
"facebook;atr_leads | promo - creta [CBO] 2;RMKT;45456;1808;9;3;38,61"
"facebook;atr_leads | promo - hb20 (CBO) 2;LAL Compradores 1%;45456;964;6;3;16,91"
"facebook;atr_leads | promo - hb20 (CBO) 2;LAL Volvo + Interesses Hyundai;45456;721;5;;9,22"
"facebook;atr_leads | promo - hb20 (CBO) 2;RMKT;45456;758;1;;11,53"
"facebook;atr_leads | Genérica  + Geral Promo [CBO];LAL 1% COMPRADORES;45455;169;2;;5,59"
"facebook;atr_leads | Hyundai Day;LAL Compradores 1%;45455;634;7;1;13,09"
"facebook;atr_leads | Hyundai Day;LAL Volvo + Interesses Hyundai;45455;1017;2;1;19,13"
"facebook;atr_leads | avalie o seu usado [CBO] 2;LAL 1% COMPRADORES — AJUSTADO;45455;1528;11;2;24,68"
"facebook;atr_leads | promo - creta [CBO] 2;RMKT;45455;2211;12;4;46,43"
"facebook;atr_leads | promo - hb20 (CBO) 2;LAL Compradores 1%;45455;1328;5;1;17,71"
"facebook;atr_leads | promo - hb20 (CBO) 2;LAL Volvo + Interesses Hyundai;45455;672;2;;9,28"
"facebook;atr_leads | promo - hb20 (CBO) 2;RMKT;45455;719;7;3;16,16"
"facebook;atr_leads | Genérica  + Geral Promo [CBO];LAL 1% COMPRADORES;45454;923;6;1;25,87"
"facebook;atr_leads | avalie o seu usado [CBO] 2;LAL 1% COMPRADORES — AJUSTADO;45454;1528;10;3;26,17"
"facebook;atr_leads | promo - creta [CBO] 2;RMKT;45454;2102;18;4;52,67"
"facebook;atr_leads | promo - hb20 (CBO) 2;LAL Compradores 1%;45454;1443;17;4;23,03"
"facebook;atr_leads | promo - hb20 (CBO) 2;LAL Volvo + Interesses Hyundai;45454;905;3;3;13,15"
"facebook;atr_leads | promo - hb20 (CBO) 2;RMKT;45454;600;9;1;14,41"
"facebook;atr_leads | Genérica  + Geral Promo [CBO];LAL 1% COMPRADORES;45453;932;15;3;26,8"
"facebook;atr_leads | avalie o seu usado [CBO] 2;LAL 1% COMPRADORES — AJUSTADO;45453;1661;14;1;26,88"
"facebook;atr_leads | promo - creta [CBO] 2;Int. Auto + Pais +30 AB;45453;538;5;1;14,18"
"facebook;atr_leads | promo - creta [CBO] 2;RMKT;45453;1358;11;2;37,42"
"facebook;atr_leads | promo - hb20 (CBO) 2;LAL Compradores 1%;45453;1488;10;2;24,27"
"facebook;atr_leads | promo - hb20 (CBO) 2;LAL Volvo + Interesses Hyundai;45453;848;1;;11,53"
"facebook;atr_leads | promo - hb20 (CBO) 2;RMKT;45453;683;4;;17,05"
"facebook;atr_leads | Genérica  + Geral Promo [CBO];LAL 1% COMPRADORES;45452;1135;7;;26,97"
"facebook;atr_leads | avalie o seu usado [CBO] 2;LAL 1% COMPRADORES — AJUSTADO;45452;1690;14;4;27,07"
"facebook;atr_leads | promo - creta [CBO] 2;Int. Auto + Pais +30 AB;45452;866;5;;17,48"
"facebook;atr_leads | promo - creta [CBO] 2;RMKT;45452;1301;10;5;36,17"
"facebook;atr_leads | promo - hb20 (CBO) 2;LAL Compradores 1%;45452;2287;9;3;31,82"
"facebook;atr_leads | promo - hb20 (CBO) 2;LAL Volvo + Interesses Hyundai;45452;727;4;;10,75"
"facebook;atr_leads | promo - hb20 (CBO) 2;RMKT;45452;714;3;;11,09"
"facebook;atr_leads | Genérica  + Geral Promo [CBO];LAL 1% COMPRADORES;45451;903;10;3;23,55"
"facebook;atr_leads | avalie o seu usado [CBO] 2;LAL 1% COMPRADORES — AJUSTADO;45451;1290;6;1;24,81"
"facebook;atr_leads | promo - creta [CBO] 2;Int. Auto + Pais +30 AB;45451;1604;6;1;35,38"
"facebook;atr_leads | promo - creta [CBO] 2;RMKT;45451;677;2;;22,54"
"facebook;atr_leads | promo - hb20 (CBO) 2;LAL Compradores 1%;45451;2271;6;1;35,49"
"facebook;atr_leads | promo - hb20 (CBO) 2;LAL Volvo + Interesses Hyundai;45451;602;1;1;11,16"
"facebook;atr_leads | promo - hb20 (CBO) 2;RMKT;45451;855;6;;15,26"
"facebook;atr_leads | Genérica  + Geral Promo [CBO];LAL 1% COMPRADORES;45450;898;8;2;23,55"
"facebook;atr_leads | avalie o seu usado [CBO] 2;LAL 1% COMPRADORES — AJUSTADO;45450;1235;9;2;25,71"
"facebook;atr_leads | promo - creta [CBO] 2;Int. Auto + Pais +30 AB;45450;955;6;;27,95"
"facebook;atr_leads | promo - creta [CBO] 2;RMKT;45450;1049;11;;32,43"
"facebook;atr_leads | promo - hb20 (CBO) 2;LAL Compradores 1%;45450;2064;4;2;37,79"
"facebook;atr_leads | promo - hb20 (CBO) 2;LAL Volvo + Interesses Hyundai;45450;611;2;2;12,27"
"facebook;atr_leads | promo - hb20 (CBO) 2;RMKT;45450;591;3;;12,94"
"facebook;atr_leads | Genérica  + Geral Promo [CBO];LAL 1% COMPRADORES;45449;1004;7;1;24,56"
"facebook;atr_leads | avalie o seu usado [CBO] 2;LAL 1% COMPRADORES — AJUSTADO;45449;1035;8;;21,13"
"facebook;atr_leads | promo - creta [CBO] 2;Int. Auto + Pais +30 AB;45449;818;12;2;16,42"
"facebook;atr_leads | promo - creta [CBO] 2;RMKT;45449;339;1;;7,74"
"facebook;atr_leads | promo - hb20 (CBO) 2;LAL Compradores 1%;45449;1390;8;2;12,3"
"facebook;atr_leads | promo - hb20 (CBO) 2;LAL Volvo + Interesses Hyundai;45449;450;2;;5,01"
"facebook;atr_leads | promo - hb20 (CBO) 2;RMKT;45449;462;2;;4,68"
"facebook;atr_leads | Genérica  + Geral Promo [CBO];LAL 1% COMPRADORES;45448;1139;11;1;29,86"
"facebook;atr_leads | avalie o seu usado [CBO];LAL 1% COMPRADORES — AJUSTADO;45448;792;6;;11,79"
"facebook;atr_leads | avalie o seu usado [CBO] 2;LAL 1% COMPRADORES — AJUSTADO;45448;522;3;;10,29"
"facebook;atr_leads | promo - creta [CBO] 2;Int. Auto + Pais +30 AB;45448;476;6;2;9,63"
"facebook;atr_leads | promo - creta [CBO] 2;RMKT;45448;1654;16;2;32,01"
"facebook;atr_leads | promo - hb20 (CBO) 2;LAL Compradores 1%;45448;3583;15;4;30,14"
"facebook;atr_leads | promo - hb20 (CBO) 2;LAL Volvo + Interesses Hyundai;45448;922;8;1;9,66"
"facebook;atr_leads | promo - hb20 (CBO) 2;RMKT;45448;921;6;2;9,15"
"facebook;atr_leads | Genérica  + Geral Promo [CBO];LAL 1% COMPRADORES;45447;1289;11;1;29,92"
"facebook;atr_leads | avalie o seu usado [CBO];LAL 1% COMPRADORES — AJUSTADO;45447;1593;10;;25,2"
"facebook;atr_leads | promo - creta [CBO] 2;Int. Auto + Pais +30 AB;45447;369;2;1;5,55"
"facebook;atr_leads | promo - creta [CBO] 2;RMKT;45447;2146;20;1;38,81"
"facebook;atr_leads | promo - hb20 (CBO) 2;LAL Compradores 1%;45447;3834;14;3;30,32"
"facebook;atr_leads | promo - hb20 (CBO) 2;LAL Volvo + Interesses Hyundai;45447;1198;7;;9,41"
"facebook;atr_leads | promo - hb20 (CBO) 2;RMKT;45447;1094;5;;9,91"
"facebook;atr_leads | Genérica  + Geral Promo [CBO];LAL 1% COMPRADORES;45446;1296;8;3;31,64"
"facebook;atr_leads | avalie o seu usado [CBO];LAL 1% COMPRADORES — AJUSTADO;45446;2049;15;1;25,81"
"facebook;atr_leads | promo - creta [CBO] 2;Int. Auto + Pais +30 AB;45446;1405;11;1;17,51"
"facebook;atr_leads | promo - creta [CBO] 2;RMKT;45446;1576;11;5;29,54"
"facebook;atr_leads | promo - hb20 (CBO) 2;LAL Compradores 1%;45446;3822;13;3;32,28"
"facebook;atr_leads | promo - hb20 (CBO) 2;LAL Volvo + Interesses Hyundai;45446;994;10;1;9,03"
"facebook;atr_leads | promo - hb20 (CBO) 2;RMKT;45446;976;5;2;9,78"
"facebook;atr_leads | Genérica  + Geral Promo [CBO];LAL 1% COMPRADORES;45445;1074;6;2;33,9"
"facebook;atr_leads | avalie o seu usado [CBO];LAL 1% COMPRADORES — AJUSTADO;45445;1922;16;;27,74"
"facebook;atr_leads | promo - creta [CBO] 2;Int. Auto + Pais +30 AB;45445;1227;14;;15,29"
"facebook;atr_leads | promo - creta [CBO] 2;RMKT;45445;2402;14;1;33,65"
"facebook;atr_leads | promo - hb20 (CBO) 2;LAL Compradores 1%;45445;3941;35;13;33,85"
"facebook;atr_leads | promo - hb20 (CBO) 2;LAL Volvo + Interesses Hyundai;45445;1106;10;1;10,22"
"facebook;atr_leads | promo - hb20 (CBO) 2;RMKT;45445;953;5;2;9,35"
"facebook;atr_leads | Genérica  + Geral Promo [CBO];LAL 1% COMPRADORES;45444;934;10;5;27,86"
"facebook;atr_leads | avalie o seu usado [CBO];LAL 1% COMPRADORES — AJUSTADO;45444;1725;15;1;23,39"
"facebook;atr_leads | promo - creta [CBO] 2;Int. Auto + Pais +30 AB;45444;1407;10;;16,94"
"facebook;atr_leads | promo - creta [CBO] 2;RMKT;45444;1610;12;2;26,45"
"facebook;atr_leads | promo - hb20 (CBO) 2;LAL Compradores 1%;45444;2621;25;3;27,39"
"facebook;atr_leads | promo - hb20 (CBO) 2;LAL Volvo + Interesses Hyundai;45444;878;5;;10,62"
"facebook;atr_leads | promo - hb20 (CBO) 2;RMKT;45444;867;8;2;9,47"
"facebook;atr_leads | Genérica [CBO];LAL 1% COMPRADORES;45504;5439;61;8;115,11"
"facebook;atr_leads | Promo HR [CBO];VUC;45504;1005;4;1;30,32"
"facebook;atr_leads | avalie o seu usado [CBO] 2;LAL 1% COMPRADORES — AJUSTADO;45504;4444;27;6;74,7"
"facebook;atr_leads | promo - creta [CBO] 2;RMKT;45504;1130;6;2;48,08"
"facebook;atr_leads | promo - hb20 (CBO) 2;LAL Compradores 1%;45504;2368;17;5;46,21"
"facebook;atr_leads | Genérica [CBO];LAL 1% COMPRADORES;45503;3211;29;2;76,42"
"facebook;atr_leads | Promo HR [CBO];VUC;45503;1892;8;2;59,27"
"facebook;atr_leads | promo - creta [CBO] 2;RMKT;45503;2700;22;4;86,75"
"facebook;atr_leads | promo - hb20 (CBO) 2;LAL Compradores 1%;45503;5263;15;2;85,66"
"facebook;atr_leads | Genérica [CBO];LAL 1% COMPRADORES;45502;4006;32;5;77,73"
"facebook;atr_leads | Promo HR [CBO];VUC;45502;2878;11;3;56,5"
"facebook;atr_leads | promo - creta [CBO] 2;RMKT;45502;3035;20;4;83,15"
"facebook;atr_leads | promo - hb20 (CBO) 2;LAL Compradores 1%;45502;7343;33;5;88,92"
"facebook;atr_leads | Genérica [CBO];LAL 1% COMPRADORES;45501;3551;35;8;80,18"
facebook;atr_leads | Promo HR [CBO];VUC;45501;3173;14;2;61
"facebook;atr_leads | promo - creta [CBO] 2;RMKT;45501;4389;20;3;88,56"
"facebook;atr_leads | promo - hb20 (CBO) 2;LAL Compradores 1%;45501;7007;32;6;89,19"
"facebook;atr_leads | Genérica [CBO];LAL 1% COMPRADORES;45500;2728;19;3;68,73"
"facebook;atr_leads | Promo HR [CBO];VUC;45500;2540;11;2;48,75"
"facebook;atr_leads | promo - creta [CBO] 2;RMKT;45500;3984;15;4;79,07"
"facebook;atr_leads | promo - hb20 (CBO) 2;LAL Compradores 1%;45500;5157;20;4;76,77"
"facebook;atr_leads | Genérica [CBO];LAL 1% COMPRADORES;45499;2993;27;2;72,34"
"facebook;atr_leads | Promo HR [CBO];VUC;45499;3367;14;2;51,93"
"facebook;atr_leads | promo - creta [CBO] 2;RMKT;45499;3544;19;6;81,34"
"facebook;atr_leads | promo - hb20 (CBO) 2;LAL Compradores 1%;45499;5175;22;5;82,53"
"facebook;atr_leads | Genérica [CBO];LAL 1% COMPRADORES;45498;3962;35;4;73,43"
"facebook;atr_leads | Promo HR [CBO];VUC;45498;2926;11;3;56,15"
"facebook;atr_leads | promo - creta [CBO] 2;RMKT;45498;3651;23;2;82,67"
"facebook;atr_leads | promo - hb20 (CBO) 2;LAL Compradores 1%;45498;4721;28;9;83,87"
"facebook;atr_leads | Genérica [CBO];LAL 1% COMPRADORES;45497;4529;44;5;75,42"
"facebook;atr_leads | Promo HR [CBO];VUC;45497;2978;15;6;56,53"
"facebook;atr_leads | promo - creta [CBO] 2;RMKT;45497;4355;27;4;83,79"
"facebook;atr_leads | promo - hb20 (CBO) 2;LAL Compradores 1%;45497;5662;26;6;83,82"
"facebook;atr_leads | Genérica [CBO];LAL 1% COMPRADORES;45496;3924;43;7;64,48"
"facebook;atr_leads | Promo HR [CBO];VUC;45496;3059;6;1;52,32"
"facebook;atr_leads | avalie o seu usado [CBO] 2;LAL 1% COMPRADORES — AJUSTADO;45496;2011;6;3;26,8"
"facebook;atr_leads | promo - creta [CBO] 2;RMKT;45496;4226;23;6;82,95"
"facebook;atr_leads | promo - hb20 (CBO) 2;LAL Compradores 1%;45496;6318;29;4;82,92"
"facebook;atr_leads | Genérica [CBO];LAL 1% COMPRADORES;45495;3384;49;4;52,34"
"facebook;atr_leads | Promo HR [CBO];VUC;45495;3470;5;2;54,23"
"facebook;atr_leads | avalie o seu usado [CBO] 2;LAL 1% COMPRADORES — AJUSTADO;45495;3870;19;6;52,44"
"facebook;atr_leads | promo - creta [CBO] 2;RMKT;45495;3385;22;4;78,57"
"facebook;atr_leads | promo - hb20 (CBO) 2;LAL Compradores 1%;45495;4977;29;5;80,86"
"facebook;atr_leads | Genérica [CBO];LAL 1% COMPRADORES;45494;3299;32;5;53,74"
"facebook;atr_leads | Promo HR [CBO];VUC;45494;3875;10;1;53,66"
"facebook;atr_leads | avalie o seu usado [CBO] 2;LAL 1% COMPRADORES — AJUSTADO;45494;3371;25;1;53,35"
"facebook;atr_leads | promo - creta [CBO] 2;RMKT;45494;3393;28;7;81,01"
"facebook;atr_leads | promo - hb20 (CBO) 2;LAL Compradores 1%;45494;4442;20;7;79,64"
"facebook;atr_leads | Genérica [CBO];LAL 1% COMPRADORES;45493;2937;38;2;44,26"
"facebook;atr_leads | Promo HR [CBO];VUC;45493;2953;18;1;45,43"
"facebook;atr_leads | avalie o seu usado [CBO] 2;LAL 1% COMPRADORES — AJUSTADO;45493;2484;10;;45,52"
"facebook;atr_leads | promo - creta [CBO] 2;RMKT;45493;2569;25;1;70,57"
facebook;atr_leads | promo - hb20 (CBO) 2;LAL Compradores 1%;45493;3986;33;5;69
"facebook;atr_leads | Genérica [CBO];LAL 1% COMPRADORES;45492;2353;30;9;47,34"
"facebook;atr_leads | Promo HR [CBO];VUC;45492;3480;9;1;46,02"
"facebook;atr_leads | avalie o seu usado [CBO] 2;LAL 1% COMPRADORES — AJUSTADO;45492;3001;14;2;47,68"
"facebook;atr_leads | promo - creta [CBO] 2;RMKT;45492;3191;7;;70,5"
"facebook;atr_leads | promo - hb20 (CBO) 2;LAL Compradores 1%;45492;2548;8;2;71,08"
"facebook;atr_leads | Genérica [CBO];LAL 1% COMPRADORES;45491;2436;25;2;50,3"
"facebook;atr_leads | Promo HR [CBO];VUC;45491;3537;7;2;50,99"
"facebook;atr_leads | avalie o seu usado [CBO] 2;LAL 1% COMPRADORES — AJUSTADO;45491;4189;12;;49,37"
"facebook;atr_leads | promo - creta [CBO] 2;RMKT;45491;4086;13;3;73,33"
"facebook;atr_leads | promo - hb20 (CBO) 2;LAL Compradores 1%;45491;2875;20;4;74,7"
"facebook;atr_leads | Genérica [CBO];LAL 1% COMPRADORES;45490;2779;15;3;50,04"
"facebook;atr_leads | Promo HR [CBO];VUC;45490;3234;12;1;50,74"
"facebook;atr_leads | avalie o seu usado [CBO] 2;LAL 1% COMPRADORES — AJUSTADO;45490;5464;24;4;50,54"
"facebook;atr_leads | promo - creta [CBO] 2;Int. Auto + Pais +30 AB;45490;571;3;1;14,3"
"facebook;atr_leads | promo - creta [CBO] 2;RMKT;45490;2564;16;3;59,41"
"facebook;atr_leads | promo - hb20 (CBO) 2;LAL Compradores 1%;45490;3164;32;5;74,14"
"facebook;atr_leads | Genérica [CBO];LAL 1% COMPRADORES;45489;2649;20;1;50,69"
"facebook;atr_leads | Promo HR [CBO];VUC;45489;3645;12;1;50,39"
"facebook;atr_leads | avalie o seu usado [CBO] 2;LAL 1% COMPRADORES — AJUSTADO;45489;3397;21;2;50,78"
"facebook;atr_leads | promo - creta [CBO] 2;Int. Auto + Pais +30 AB;45489;1366;12;3;37,02"
"facebook;atr_leads | promo - creta [CBO] 2;RMKT;45489;2052;18;1;39,49"
"facebook;atr_leads | promo - hb20 (CBO) 2;LAL Compradores 1%;45489;3535;20;2;75,48"
"facebook;atr_leads | Genérica [CBO];LAL 1% COMPRADORES;45488;2813;19;3;52,49"
"facebook;atr_leads | Promo HR [CBO];VUC;45488;2433;7;1;51,94"
"facebook;atr_leads | avalie o seu usado [CBO] 2;LAL 1% COMPRADORES — AJUSTADO;45488;2939;24;5;52,17"
"facebook;atr_leads | promo - creta [CBO] 2;Int. Auto + Pais +30 AB;45488;825;9;1;15,89"
"facebook;atr_leads | promo - creta [CBO] 2;RMKT;45488;2787;19;4;62,95"
"facebook;atr_leads | promo - hb20 (CBO) 2;LAL Compradores 1%;45488;4967;20;3;78,96"
"facebook;atr_leads | Genérica [CBO];LAL 1% COMPRADORES;45487;2458;24;5;54,86"
"facebook;atr_leads | Promo HR [CBO];VUC;45487;1784;6;1;54,48"
"facebook;atr_leads | avalie o seu usado [CBO] 2;LAL 1% COMPRADORES — AJUSTADO;45487;3243;24;4;53,88"
"facebook;atr_leads | promo - creta [CBO] 2;Int. Auto + Pais +30 AB;45487;2001;4;;40,6"
"facebook;atr_leads | promo - creta [CBO] 2;RMKT;45487;1993;16;4;40,6"
"facebook;atr_leads | promo - hb20 (CBO) 2;LAL Compradores 1%;45487;4580;20;2;81,64"
"facebook;atr_leads | Genérica [CBO];LAL 1% COMPRADORES;45486;1875;24;10;45,95"
"facebook;atr_leads | Promo HR [CBO];VUC;45486;2606;6;2;55,97"
"facebook;atr_leads | avalie o seu usado [CBO] 2;LAL 1% COMPRADORES — AJUSTADO;45486;2485;17;3;46,65"
"facebook;atr_leads | promo - creta [CBO] 2;Int. Auto + Pais +30 AB;45486;994;8;3;19,97"
"facebook;atr_leads | promo - creta [CBO] 2;RMKT;45486;2218;9;1;48,33"
"facebook;atr_leads | promo - hb20 (CBO) 2;LAL Compradores 1%;45486;3774;18;2;68,78"
"facebook;atr_leads | Genérica [CBO];LAL 1% COMPRADORES;45485;1899;16;6;48,42"
"facebook;atr_leads | Promo HR [CBO];VUC;45485;2960;5;;54,41"
"facebook;atr_leads | avalie o seu usado [CBO] 2;LAL 1% COMPRADORES — AJUSTADO;45485;2650;27;6;47,72"
"facebook;atr_leads | promo - creta [CBO] 2;Int. Auto + Pais +30 AB;45485;707;4;;15,04"
"facebook;atr_leads | promo - creta [CBO] 2;RMKT;45485;2873;10;3;53,78"
"facebook;atr_leads | promo - hb20 (CBO) 2;LAL Compradores 1%;45485;4492;25;4;71,28"
"facebook;atr_leads | Genérica [CBO];LAL 1% COMPRADORES;45484;2120;11;4;50,11"
"facebook;atr_leads | Promo HR [CBO];VUC;45484;1390;7;3;35,64"
"facebook;atr_leads | avalie o seu usado [CBO] 2;LAL 1% COMPRADORES — AJUSTADO;45484;2562;21;5;51,21"
"facebook;atr_leads | promo - creta [CBO] 2;Int. Auto + Pais +30 AB;45484;1872;9;2;40,77"
"facebook;atr_leads | promo - creta [CBO] 2;LAL  Volvo + Interesses Hyundai;45484;79;;;1,67"
"facebook;atr_leads | promo - creta [CBO] 2;RMKT;45484;1328;9;2;29,65"
"facebook;atr_leads | promo - hb20 (CBO) 2;LAL Compradores 1%;45484;4652;18;4;66,73"
"facebook;atr_leads | promo - hb20 (CBO) 2;RMKT;45484;260;;;5,15"
"facebook;atr_leads | Genérica [CBO];LAL 1% COMPRADORES;45483;1802;20;6;50,33"
"facebook;atr_leads | Promo HR [CBO];Empresários;45483;109;;;4,86"
"facebook;atr_leads | Promo HR [CBO];VUC;45483;2684;13;5;50,38"
"facebook;atr_leads | avalie o seu usado [CBO] 2;LAL 1% COMPRADORES — AJUSTADO;45483;2298;21;9;51,02"
"facebook;atr_leads | promo - creta [CBO] 2;Int. Auto + Pais +30 AB;45483;1435;11;1;39,49"
"facebook;atr_leads | promo - creta [CBO] 2;LAL  Volvo + Interesses Hyundai;45483;629;3;;15,1"
"facebook;atr_leads | promo - creta [CBO] 2;RMKT;45483;1080;3;;18,88"
"facebook;atr_leads | promo - hb20 (CBO) 2;LAL Compradores 1%;45483;2944;11;4;51,92"
"facebook;atr_leads | promo - hb20 (CBO) 2;RMKT;45483;1098;6;1;21,27"
"facebook;atr_leads | Genérica [CBO];LAL 1% COMPRADORES;45482;1810;24;1;52,78"
"facebook;atr_leads | Promo HR [CBO];Empresários;45482;374;;;11,7"
"facebook;atr_leads | Promo HR [CBO];VUC;45482;2651;8;3;41,88"
"facebook;atr_leads | avalie o seu usado [CBO] 2;LAL 1% COMPRADORES — AJUSTADO;45482;2526;20;3;51,03"
"facebook;atr_leads | promo - creta [CBO] 2;Int. Auto + Pais +30 AB;45482;1260;8;1;25,84"
"facebook;atr_leads | promo - creta [CBO] 2;LAL  Volvo + Interesses Hyundai;45482;205;1;1;5,83"
"facebook;atr_leads | promo - creta [CBO] 2;RMKT;45482;2194;16;4;43,94"
"facebook;atr_leads | promo - hb20 (CBO) 2;LAL Compradores 1%;45482;3868;14;2;63,6"
"facebook;atr_leads | promo - hb20 (CBO) 2;RMKT;45482;772;2;;10,63"
"facebook;atr_leads | Genérica [CBO];LAL 1% COMPRADORES;45481;3654;35;7;78,19"
"facebook;atr_leads | avalie o seu usado [CBO] 2;LAL 1% COMPRADORES — AJUSTADO;45481;4104;18;;78,21"
"facebook;atr_leads | promo - creta [CBO] 2;Int. Auto + Pais +30 AB;45481;13;;;0,08"
"facebook;atr_leads | promo - creta [CBO] 2;RMKT;45481;2594;5;1;63,39"
"facebook;atr_leads | promo - hb20 (CBO) 2;LAL Compradores 1%;45481;2370;11;3;41,6"
"facebook;atr_leads | promo - hb20 (CBO) 2;RMKT;45481;853;1;;20,92"
"facebook;atr_leads | Genérica [CBO];LAL 1% COMPRADORES;45480;4942;37;7;132,13"
"facebook;atr_leads | avalie o seu usado [CBO] 2;LAL 1% COMPRADORES — AJUSTADO;45480;9114;52;9;169,44"
"facebook;atr_leads | Genérica [CBO];LAL 1% COMPRADORES;45479;3624;23;8;111,08"
"facebook;atr_leads | avalie o seu usado [CBO] 2;LAL 1% COMPRADORES — AJUSTADO;45479;7224;54;5;150,12"
"facebook;atr_leads | Genérica [CBO];LAL 1% COMPRADORES;45478;4163;36;5;117,74"
"facebook;atr_leads | avalie o seu usado [CBO] 2;LAL 1% COMPRADORES — AJUSTADO;45478;7989;42;7;156,44"
"facebook;atr_leads | Genérica [CBO];LAL 1% COMPRADORES;45477;4427;42;10;124,88"
"facebook;atr_leads | avalie o seu usado [CBO] 2;LAL 1% COMPRADORES — AJUSTADO;45477;9452;61;10;158,95"
"facebook;atr_leads | Genérica [CBO];LAL 1% COMPRADORES;45476;4389;23;6;126,41"
"facebook;atr_leads | avalie o seu usado [CBO] 2;LAL 1% COMPRADORES — AJUSTADO;45476;9684;67;11;160,69"
"facebook;atr_leads | Genérica [CBO];LAL 1% COMPRADORES;45475;4385;39;8;125,25"
"facebook;atr_leads | avalie o seu usado [CBO] 2;LAL 1% COMPRADORES — AJUSTADO;45475;9928;65;15;163,05"
"facebook;atr_leads | Genérica [CBO];LAL 1% COMPRADORES;45474;3588;25;7;93,62"
"facebook;atr_leads | avalie o seu usado [CBO] 2;LAL 1% COMPRADORES — AJUSTADO;45474;7322;40;11;107,19"
"facebook;atr_leads | Genérica [CBO];LAL 1% COMPRADORES;45535;1622;19;3;34,25"
"facebook;atr_leads | Genérica [CBO];RMKT;45535;525;2;;11,75"
"facebook;atr_leads | promo - hb20 (CBO) 2;LAL Compradores 1%;45535;1833;9;;24,18"
"facebook;atr_leads | promo - hb20 (CBO) 2;LAL Compradores 1% — Jaraguá do Sul + 17km;45535;1688;9;2;29,57"
"facebook;atr_leads | promo - hb20 (CBO) 2;RMKT;45535;1778;8;;25,99"
"facebook;atr_leads | Genérica [CBO];LAL 1% COMPRADORES;45534;501;2;1;13,36"
"facebook;atr_leads | Genérica [CBO];RMKT;45534;127;3;;2,7"
"facebook;atr_leads | Promo HR [CBO];VUC;45534;1428;5;;20,65"
"facebook;atr_leads | promo - creta [CBO] 2;LAL  Volvo + Interesses Hyundai;45534;1162;10;1;21,44"
"facebook;atr_leads | promo - creta [CBO] 2;LAL  Volvo + Interesses Hyundai — Jaraguá do Sul + 17km;45534;673;5;1;14,58"
"facebook;atr_leads | promo - creta [CBO] 2;RMKT;45534;566;4;2;14,78"
"facebook;atr_leads | promo - hb20 (CBO) 2;LAL Compradores 1%;45534;1181;12;;19,95"
"facebook;atr_leads | promo - hb20 (CBO) 2;LAL Compradores 1% — Jaraguá do Sul + 17km;45534;785;5;1;18,65"
"facebook;atr_leads | promo - hb20 (CBO) 2;RMKT;45534;1242;9;6;30,32"
"facebook;atr_leads | Promo HR [CBO];VUC;45533;1923;6;1;31,83"
"facebook;atr_leads | promo - creta [CBO] 2;LAL  Volvo + Interesses Hyundai;45533;1851;21;5;36,09"
"facebook;atr_leads | promo - creta [CBO] 2;LAL  Volvo + Interesses Hyundai — Jaraguá do Sul + 17km;45533;806;8;5;20,17"
"facebook;atr_leads | promo - creta [CBO] 2;RMKT;45533;590;8;3;19,54"
"facebook;atr_leads | promo - hb20 (CBO) 2;LAL Compradores 1%;45533;827;3;1;20,22"
"facebook;atr_leads | promo - hb20 (CBO) 2;LAL Compradores 1% — Jaraguá do Sul + 17km;45533;798;11;4;19,52"
"facebook;atr_leads | promo - hb20 (CBO) 2;RMKT;45533;1268;11;5;37,21"
"facebook;atr_leads | Promo HR [CBO];VUC;45532;2149;8;;36,5"
"facebook;atr_leads | promo - creta [CBO] 2;LAL  Volvo + Interesses Hyundai;45532;2032;21;6;45,82"
"facebook;atr_leads | promo - creta [CBO] 2;LAL  Volvo + Interesses Hyundai — Jaraguá do Sul + 17km;45532;603;4;3;14,61"
"facebook;atr_leads | promo - creta [CBO] 2;RMKT;45532;667;7;3;19,33"
"facebook;atr_leads | promo - hb20 (CBO) 2;LAL Compradores 1%;45532;1182;10;3;35,84"
"facebook;atr_leads | promo - hb20 (CBO) 2;LAL Compradores 1% — Jaraguá do Sul + 17km;45532;917;3;;20,28"
"facebook;atr_leads | promo - hb20 (CBO) 2;RMKT;45532;833;12;5;26,26"
"facebook;atr_leads | Promo HR [CBO];VUC;45531;2073;6;2;35,63"
"facebook;atr_leads | promo - creta [CBO] 2;LAL  Volvo + Interesses Hyundai;45531;1618;23;7;39,48"
"facebook;atr_leads | promo - creta [CBO] 2;LAL  Volvo + Interesses Hyundai — Jaraguá do Sul + 17km;45531;808;15;9;18,78"
"facebook;atr_leads | promo - creta [CBO] 2;RMKT;45531;700;9;2;22,01"
"facebook;atr_leads | promo - hb20 (CBO) 2;LAL Compradores 1%;45531;979;8;3;27,52"
"facebook;atr_leads | promo - hb20 (CBO) 2;LAL Compradores 1% — Jaraguá do Sul + 17km;45531;992;6;2;26,22"
"facebook;atr_leads | promo - hb20 (CBO) 2;RMKT;45531;981;12;4;26,54"
"facebook;atr_leads | Genérica [CBO];LAL 1% COMPRADORES;45530;316;3;1;10,14"
"facebook;atr_leads | Genérica [CBO];RMKT;45530;356;7;2;9,91"
"facebook;atr_leads | Promo HR [CBO];VUC;45530;3407;11;;38,89"
"facebook;atr_leads | promo - creta [CBO] 2;LAL  Volvo + Interesses Hyundai;45530;2374;24;11;56,09"
"facebook;atr_leads | promo - creta [CBO] 2;LAL  Volvo + Interesses Hyundai — Jaraguá do Sul + 17km;45530;952;10;1;21,9"
"facebook;atr_leads | promo - creta [CBO] 2;RMKT;45530;783;6;1;23,37"
"facebook;atr_leads | promo - hb20 (CBO) 2;LAL Compradores 1%;45530;1194;13;8;33,42"
"facebook;atr_leads | promo - hb20 (CBO) 2;LAL Compradores 1% — Jaraguá do Sul + 17km;45530;1290;10;2;32,35"
"facebook;atr_leads | promo - hb20 (CBO) 2;RMKT;45530;1760;13;3;32,91"
"facebook;atr_leads | Genérica [CBO];LAL 1% COMPRADORES;45529;614;3;1;21,11"
"facebook;atr_leads | Genérica [CBO];RMKT;45529;557;7;1;16,29"
"facebook;atr_leads | Promo HR [CBO];VUC;45529;6867;17;1;47,06"
"facebook;atr_leads | promo - creta [CBO] 2;LAL  Volvo + Interesses Hyundai;45529;3313;26;7;70,9"
"facebook;atr_leads | promo - creta [CBO] 2;LAL  Volvo + Interesses Hyundai — Jaraguá do Sul + 17km;45529;1079;6;1;20,39"
"facebook;atr_leads | promo - creta [CBO] 2;RMKT;45529;844;6;2;24,19"
"facebook;atr_leads | promo - hb20 (CBO) 2;LAL Compradores 1%;45529;1609;15;4;34,07"
"facebook;atr_leads | promo - hb20 (CBO) 2;LAL Compradores 1% — Jaraguá do Sul + 17km;45529;1667;14;4;35,63"
"facebook;atr_leads | promo - hb20 (CBO) 2;RMKT;45529;3102;16;2;43,45"
"facebook;atr_leads | Genérica [CBO];LAL 1% COMPRADORES;45528;474;6;1;12,89"
"facebook;atr_leads | Genérica [CBO];RMKT;45528;534;10;3;16,71"
"facebook;atr_leads | Promo HR [CBO];VUC;45528;4331;21;1;40,48"
"facebook;atr_leads | promo - creta [CBO] 2;LAL  Volvo + Interesses Hyundai;45528;3542;30;8;70,84"
"facebook;atr_leads | promo - creta [CBO] 2;LAL  Volvo + Interesses Hyundai — Jaraguá do Sul + 17km;45528;916;11;6;20,41"
"facebook;atr_leads | promo - creta [CBO] 2;RMKT;45528;921;9;1;20,95"
"facebook;atr_leads | promo - hb20 (CBO) 2;LAL Compradores 1%;45528;4350;38;10;97,58"
"facebook;atr_leads | promo - hb20 (CBO) 2;LAL Compradores 1% — Jaraguá do Sul + 17km;45528;2282;29;7;52,32"
"facebook;atr_leads | promo - hb20 (CBO) 2;RMKT;45528;1718;11;4;39,96"
"facebook;atr_leads | Genérica [CBO];LAL 1% COMPRADORES;45527;537;6;1;16,68"
"facebook;atr_leads | Genérica [CBO];RMKT;45527;608;7;2;16,46"
"facebook;atr_leads | Promo HR [CBO];VUC;45527;4001;10;1;44,46"
"facebook;atr_leads | promo - creta [CBO] 2;LAL  Volvo + Interesses Hyundai;45527;4208;23;6;66,6"
"facebook;atr_leads | promo - creta [CBO] 2;LAL  Volvo + Interesses Hyundai — Jaraguá do Sul + 17km;45527;1173;9;;20,75"
"facebook;atr_leads | promo - creta [CBO] 2;RMKT;45527;996;3;1;21,13"
"facebook;atr_leads | Genérica [CBO];LAL 1% COMPRADORES;45526;758;9;3;21,91"
"facebook;atr_leads | Genérica [CBO];RMKT;45526;428;5;2;12,23"
"facebook;atr_leads | Promo HR [CBO];VUC;45526;4582;14;;44,04"
"facebook;atr_leads | promo - creta [CBO] 2;LAL  Volvo + Interesses Hyundai;45526;2370;18;6;38,73"
"facebook;atr_leads | promo - creta [CBO] 2;LAL  Volvo + Interesses Hyundai — Jaraguá do Sul + 17km;45526;1071;3;;19,39"
"facebook;atr_leads | promo - creta [CBO] 2;RMKT;45526;1412;11;3;32,45"
"facebook;atr_leads | promo - hb20 (CBO) 2;LAL Compradores 1%;45526;970;12;4;23,85"
"facebook;atr_leads | promo - hb20 (CBO) 2;LAL Compradores 1% — Jaraguá do Sul + 17km;45526;1119;13;3;23,22"
"facebook;atr_leads | promo - hb20 (CBO) 2;RMKT;45526;1294;11;2;29,22"
"facebook;atr_leads | Genérica [CBO];LAL 1% COMPRADORES;45525;527;4;1;18,47"
"facebook;atr_leads | Genérica [CBO];RMKT;45525;445;7;2;16,48"
"facebook;atr_leads | Promo HR [CBO];VUC;45525;5622;16;2;44,83"
"facebook;atr_leads | promo - creta [CBO] 2;LAL  Volvo + Interesses Hyundai;45525;2855;22;7;55,52"
"facebook;atr_leads | promo - creta [CBO] 2;LAL  Volvo + Interesses Hyundai — Jaraguá do Sul + 17km;45525;1146;8;3;20,37"
"facebook;atr_leads | promo - creta [CBO] 2;RMKT;45525;1564;16;7;33,76"
"facebook;atr_leads | promo - hb20 (CBO) 2;LAL Compradores 1%;45525;1530;20;6;31,32"
"facebook;atr_leads | promo - hb20 (CBO) 2;LAL Compradores 1% — Jaraguá do Sul + 17km;45525;1564;14;5;32,01"
"facebook;atr_leads | promo - hb20 (CBO) 2;RMKT;45525;2043;13;5;45,38"
"facebook;atr_leads | Genérica [CBO];LAL 1% COMPRADORES;45524;622;3;2;22,02"
"facebook;atr_leads | Genérica [CBO];RMKT;45524;459;9;1;15,42"
"facebook;atr_leads | Promo HR [CBO];VUC;45524;4843;17;2;46,3"
"facebook;atr_leads | promo - creta [CBO] 2;LAL  Volvo + Interesses Hyundai;45524;3145;40;11;64,86"
"facebook;atr_leads | promo - creta [CBO] 2;LAL  Volvo + Interesses Hyundai — Jaraguá do Sul + 17km;45524;1115;13;3;20,82"
"facebook;atr_leads | promo - creta [CBO] 2;RMKT;45524;1341;10;7;31,68"
"facebook;atr_leads | promo - hb20 (CBO) 2;LAL Compradores 1%;45524;1460;19;3;31,55"
"facebook;atr_leads | promo - hb20 (CBO) 2;LAL Compradores 1% — Jaraguá do Sul + 17km;45524;1520;18;4;32,38"
"facebook;atr_leads | promo - hb20 (CBO) 2;RMKT;45524;2101;17;4;47,35"
"facebook;atr_leads | Genérica [CBO];LAL 1% COMPRADORES;45523;907;8;;23,81"
"facebook;atr_leads | Genérica [CBO];RMKT;45523;575;5;1;14,85"
"facebook;atr_leads | Promo HR [CBO];VUC;45523;3334;12;1;47,21"
"facebook;atr_leads | promo - creta [CBO] 2;LAL  Volvo + Interesses Hyundai;45523;3870;40;13;67,29"
"facebook;atr_leads | promo - creta [CBO] 2;LAL  Volvo + Interesses Hyundai — Jaraguá do Sul + 17km;45523;1174;11;5;18,12"
"facebook;atr_leads | promo - creta [CBO] 2;RMKT;45523;1658;17;9;30,37"
"facebook;atr_leads | promo - hb20 (CBO) 2;LAL Compradores 1%;45523;1536;11;2;27,14"
"facebook;atr_leads | promo - hb20 (CBO) 2;LAL Compradores 1% — Jaraguá do Sul + 17km;45523;1942;14;2;28,22"
"facebook;atr_leads | promo - hb20 (CBO) 2;RMKT;45523;3013;26;8;60,6"
"facebook;atr_leads | Genérica [CBO];LAL 1% COMPRADORES;45522;636;11;1;18,84"
facebook;atr_leads | Genérica [CBO];RMKT;45522;692;7;2;18
"facebook;atr_leads | Promo HR [CBO];VUC;45522;2348;6;1;47,53"
"facebook;atr_leads | promo - creta [CBO] 2;LAL  Volvo + Interesses Hyundai;45522;2944;24;9;59,65"
"facebook;atr_leads | promo - creta [CBO] 2;LAL  Volvo + Interesses Hyundai — Jaraguá do Sul + 17km;45522;1115;14;1;19,92"
"facebook;atr_leads | promo - creta [CBO] 2;RMKT;45522;1814;9;2;36,39"
"facebook;atr_leads | promo - hb20 (CBO) 2;LAL Compradores 1%;45522;1725;17;3;30,57"
"facebook;atr_leads | promo - hb20 (CBO) 2;LAL Compradores 1% — Jaraguá do Sul + 17km;45522;2024;24;6;31,19"
"facebook;atr_leads | promo - hb20 (CBO) 2;RMKT;45522;2456;23;7;55,35"
"facebook;atr_leads | Genérica [CBO];LAL 1% COMPRADORES;45521;603;6;1;14,79"
"facebook;atr_leads | Genérica [CBO];RMKT;45521;580;7;1;14,7"
"facebook;atr_leads | Promo HR [CBO];VUC;45521;1924;4;;44,09"
"facebook;atr_leads | promo - creta [CBO] 2;LAL  Volvo + Interesses Hyundai;45521;2175;30;8;46,95"
"facebook;atr_leads | promo - creta [CBO] 2;LAL  Volvo + Interesses Hyundai — Jaraguá do Sul + 17km;45521;1186;7;5;20,64"
"facebook;atr_leads | promo - creta [CBO] 2;RMKT;45521;1881;18;7;40,03"
"facebook;atr_leads | promo - hb20 (CBO) 2;LAL Compradores 1%;45521;1456;18;7;30,88"
"facebook;atr_leads | promo - hb20 (CBO) 2;LAL Compradores 1% — Jaraguá do Sul + 17km;45521;1894;11;3;30,6"
"facebook;atr_leads | promo - hb20 (CBO) 2;RMKT;45521;2137;14;7;45,96"
"facebook;atr_leads | Genérica [CBO];LAL 1% COMPRADORES;45520;599;5;1;16,95"
"facebook;atr_leads | Genérica [CBO];RMKT;45520;524;5;1;18,26"
"facebook;atr_leads | Promo HR [CBO];VUC;45520;2237;3;;45,85"
"facebook;atr_leads | promo - creta [CBO] 2;LAL  Volvo + Interesses Hyundai;45520;2142;20;9;50,2"
"facebook;atr_leads | promo - creta [CBO] 2;LAL  Volvo + Interesses Hyundai — Jaraguá do Sul + 17km;45520;981;8;2;21,85"
"facebook;atr_leads | promo - creta [CBO] 2;RMKT;45520;1529;9;3;40,38"
"facebook;atr_leads | promo - hb20 (CBO) 2;LAL Compradores 1%;45520;1203;11;4;31,98"
"facebook;atr_leads | promo - hb20 (CBO) 2;LAL Compradores 1% — Jaraguá do Sul + 17km;45520;1408;17;7;30,65"
"facebook;atr_leads | promo - hb20 (CBO) 2;RMKT;45520;1890;15;8;49,66"
"facebook;atr_leads | Genérica [CBO];LAL 1% COMPRADORES;45519;718;7;1;18,57"
"facebook;atr_leads | Genérica [CBO];RMKT;45519;660;8;1;17,26"
"facebook;atr_leads | promo - creta [CBO] 2;LAL  Volvo + Interesses Hyundai;45519;2798;23;8;69,78"
"facebook;atr_leads | promo - creta [CBO] 2;LAL  Volvo + Interesses Hyundai — Jaraguá do Sul + 17km;45519;804;1;2;20,15"
"facebook;atr_leads | promo - creta [CBO] 2;RMKT;45519;1448;15;6;40,01"
"facebook;atr_leads | promo - hb20 (CBO) 2;LAL Compradores 1%;45519;1268;11;3;31,34"
"facebook;atr_leads | promo - hb20 (CBO) 2;LAL Compradores 1% — Jaraguá do Sul + 17km;45519;1690;15;3;31,85"
"facebook;atr_leads | promo - hb20 (CBO) 2;RMKT;45519;2579;23;9;67,1"
"facebook;atr_leads | Genérica [CBO];LAL 1% COMPRADORES;45518;536;6;2;15,54"
"facebook;atr_leads | Genérica [CBO];RMKT;45518;524;2;1;19,13"
"facebook;atr_leads | promo - creta [CBO] 2;LAL  Volvo + Interesses Hyundai;45518;2413;22;6;59,48"
"facebook;atr_leads | promo - creta [CBO] 2;LAL  Volvo + Interesses Hyundai — Jaraguá do Sul + 17km;45518;779;1;;21,87"
"facebook;atr_leads | promo - creta [CBO] 2;RMKT;45518;1554;17;5;49,54"
"facebook;atr_leads | promo - hb20 (CBO) 2;LAL Compradores 1%;45518;1297;19;5;31,38"
"facebook;atr_leads | promo - hb20 (CBO) 2;LAL Compradores 1% — Jaraguá do Sul + 17km;45518;1387;11;1;33,74"
"facebook;atr_leads | promo - hb20 (CBO) 2;RMKT;45518;2638;20;9;67,92"
"facebook;atr_leads | Genérica [CBO];LAL 1% COMPRADORES;45517;506;4;;18,47"
"facebook;atr_leads | Genérica [CBO];RMKT;45517;500;4;1;18,26"
"facebook;atr_leads | promo - creta [CBO] 2;LAL  Volvo + Interesses Hyundai;45517;2310;28;11;75,48"
"facebook;atr_leads | promo - creta [CBO] 2;LAL  Volvo + Interesses Hyundai — Jaraguá do Sul + 17km;45517;879;6;2;21,33"
"facebook;atr_leads | promo - creta [CBO] 2;RMKT;45517;1189;16;5;39,87"
"facebook;atr_leads | promo - hb20 (CBO) 2;LAL Compradores 1%;45517;1218;11;4;34,8"
"facebook;atr_leads | promo - hb20 (CBO) 2;LAL Compradores 1% — Jaraguá do Sul + 17km;45517;1424;25;4;33,94"
"facebook;atr_leads | promo - hb20 (CBO) 2;RMKT;45517;2585;24;9;68,78"
"facebook;atr_leads | Genérica [CBO];LAL 1% COMPRADORES;45516;1184;12;4;38,22"
"facebook;atr_leads | Genérica [CBO];RMKT;45516;990;11;2;29,87"
"facebook;atr_leads | promo - creta [CBO] 2;LAL  Volvo + Interesses Hyundai;45516;2762;24;6;44,32"
"facebook;atr_leads | promo - creta [CBO] 2;LAL  Volvo + Interesses Hyundai — Jaraguá do Sul + 17km;45516;2101;16;7;52,19"
"facebook;atr_leads | promo - creta [CBO] 2;RMKT;45516;1312;13;1;29,25"
"facebook;atr_leads | promo - hb20 (CBO) 2;LAL Compradores 1%;45516;1116;16;5;28,47"
"facebook;atr_leads | promo - hb20 (CBO) 2;LAL Compradores 1% — Jaraguá do Sul + 17km;45516;1634;19;1;31,08"
"facebook;atr_leads | promo - hb20 (CBO) 2;RMKT;45516;2328;26;12;66,25"
"facebook;atr_leads | Genérica [CBO];LAL 1% COMPRADORES;45515;1642;9;3;49,2"
"facebook;atr_leads | Genérica [CBO];RMKT;45515;1158;5;1;26,23"
"facebook;atr_leads | promo - creta [CBO] 2;LAL  Volvo + Interesses Hyundai;45515;2654;14;2;31,58"
"facebook;atr_leads | promo - creta [CBO] 2;LAL  Volvo + Interesses Hyundai — Jaraguá do Sul + 17km;45515;2999;18;4;68,64"
"facebook;atr_leads | promo - creta [CBO] 2;RMKT;45515;1215;10;;20,02"
"facebook;atr_leads | promo - hb20 (CBO) 2;LAL Compradores 1%;45515;1433;19;5;31,56"
"facebook;atr_leads | promo - hb20 (CBO) 2;LAL Compradores 1% — Jaraguá do Sul + 17km;45515;1901;21;5;33,85"
"facebook;atr_leads | promo - hb20 (CBO) 2;RMKT;45515;2053;11;2;59,5"
"facebook;atr_leads | Genérica [CBO];LAL 1% COMPRADORES;45514;1461;14;1;40,72"
"facebook;atr_leads | Genérica [CBO];RMKT;45514;1267;15;2;26,84"
"facebook;atr_leads | promo - creta [CBO] 2;LAL  Volvo + Interesses Hyundai;45514;1100;6;1;21,37"
"facebook;atr_leads | promo - creta [CBO] 2;LAL  Volvo + Interesses Hyundai — Jaraguá do Sul + 17km;45514;514;6;4;21,5"
"facebook;atr_leads | promo - creta [CBO] 2;RMKT;45514;2537;24;8;66,86"
"facebook;atr_leads | promo - hb20 (CBO) 2;LAL Compradores 1%;45514;984;9;;32,64"
"facebook;atr_leads | promo - hb20 (CBO) 2;LAL Compradores 1% — Jaraguá do Sul + 17km;45514;1412;17;2;34,54"
"facebook;atr_leads | promo - hb20 (CBO) 2;RMKT;45514;1526;25;9;50,83"
"facebook;atr_leads | Genérica [CBO];LAL 1% COMPRADORES;45513;1947;9;3;45,37"
"facebook;atr_leads | Genérica [CBO];RMKT;45513;1173;10;;23,04"
"facebook;atr_leads | promo - creta [CBO] 2;Int. Auto + Pais +30 AB;45513;464;5;1;13,32"
"facebook;atr_leads | promo - creta [CBO] 2;LAL  Volvo + Interesses Hyundai;45513;786;10;3;20,63"
"facebook;atr_leads | promo - creta [CBO] 2;LAL  Volvo + Interesses Hyundai — Jaraguá do Sul + 17km;45513;425;5;2;21,25"
"facebook;atr_leads | promo - creta [CBO] 2;RMKT;45513;2504;40;12;68,09"
"facebook;atr_leads | promo - hb20 (CBO) 2;LAL Compradores 1%;45513;1195;6;1;31,84"
"facebook;atr_leads | promo - hb20 (CBO) 2;LAL Compradores 1% — Jaraguá do Sul + 17km;45513;1425;15;5;37,6"
"facebook;atr_leads | promo - hb20 (CBO) 2;RMKT;45513;1263;21;6;45,37"
"facebook;atr_leads | Genérica [CBO];LAL 1% COMPRADORES;45512;4436;36;7;98,2"
"facebook;atr_leads | Genérica [CBO];RMKT;45512;1635;17;6;35,89"
"facebook;atr_leads | avalie o seu usado [CBO] 2;LAL 1% COMPRADORES — AJUSTADO;45512;5398;35;2;123,64"
"facebook;atr_leads | promo - creta [CBO] 2;Int. Auto + Pais +30 AB;45512;250;;;5,43"
"facebook;atr_leads | promo - creta [CBO] 2;LAL  Volvo + Interesses Hyundai;45512;94;;;2,07"
"facebook;atr_leads | promo - creta [CBO] 2;LAL  Volvo + Interesses Hyundai — Jaraguá do Sul + 17km;45512;53;1;;1,46"
"facebook;atr_leads | promo - creta [CBO] 2;RMKT;45512;187;;;5,51"
"facebook;atr_leads | promo - hb20 (CBO) 2;LAL Compradores 1%;45512;172;1;;4,01"
"facebook;atr_leads | promo - hb20 (CBO) 2;LAL Compradores 1% — Jaraguá do Sul + 17km;45512;196;1;1;4,2"
"facebook;atr_leads | promo - hb20 (CBO) 2;RMKT;45512;153;;;5,11"
"facebook;atr_leads | Genérica [CBO];LAL 1% COMPRADORES;45511;5864;40;4;132,48"
"facebook;atr_leads | Genérica [CBO];RMKT;45511;630;5;2;15,45"
"facebook;atr_leads | avalie o seu usado [CBO] 2;LAL 1% COMPRADORES — AJUSTADO;45511;6530;34;5;153,6"
"facebook;atr_leads | Genérica [CBO];LAL 1% COMPRADORES;45510;6258;49;3;157,31"
"facebook;atr_leads | Genérica [CBO];RMKT;45510;34;;;1,17"
"facebook;atr_leads | avalie o seu usado [CBO] 2;LAL 1% COMPRADORES — AJUSTADO;45510;7587;29;4;148,66"
"facebook;atr_leads | Genérica [CBO];LAL 1% COMPRADORES;45509;6299;52;4;158,06"
"facebook;atr_leads | avalie o seu usado [CBO] 2;LAL 1% COMPRADORES — AJUSTADO;45509;8873;49;8;158,13"
facebook;atr_leads | promo - hb20 (CBO) 2;LAL Compradores 1%;45509;;;1;
"facebook;atr_leads | Genérica [CBO];LAL 1% COMPRADORES;45508;7149;46;3;159,77"
"facebook;atr_leads | avalie o seu usado [CBO] 2;LAL 1% COMPRADORES — AJUSTADO;45508;8698;47;4;157,86"
"facebook;atr_leads | Genérica [CBO];LAL 1% COMPRADORES;45507;6037;57;7;144,83"
"facebook;atr_leads | avalie o seu usado [CBO] 2;LAL 1% COMPRADORES — AJUSTADO;45507;8187;33;7;147,25"
facebook;atr_leads | promo - hb20 (CBO) 2;LAL Compradores 1%;45507;;;1;
"facebook;atr_leads | Genérica [CBO];LAL 1% COMPRADORES;45506;7223;52;7;139,25"
"facebook;atr_leads | avalie o seu usado [CBO] 2;LAL 1% COMPRADORES — AJUSTADO;45506;8602;46;5;139,06"
"facebook;atr_leads | Genérica [CBO];LAL 1% COMPRADORES;45505;7693;63;12;147,27"
"facebook;atr_leads | avalie o seu usado [CBO] 2;LAL 1% COMPRADORES — AJUSTADO;45505;10719;34;8;145,08"
facebook;atr_leads | promo - creta [CBO] 2;RMKT;45505;;;1;
"google;atr_search | Blumenau;HB20;45444;18;8;0;12,4"
google;atr_search | Jaraguá do Sul;HB20;45444;1;0;0;0
"google;atr_search | marca;HB20;45444;247;22;0;24,96"
"google;atr_search | Blumenau;Loja;45445;14;5;0;9,91"
"google;atr_search | Jaraguá do Sul;Loja;45445;5;1;0;0,45"
"google;atr_search | marca;Loja;45445;224;26;0;31,42"
"google;atr_search | Blumenau;HB20;45446;34;7;0;10,18"
"google;atr_search | Jaraguá do Sul;HB20;45446;10;1;0;0,62"
"google;atr_search | marca;HB20;45446;178;15;0;15,62"
"google;atr_search | Blumenau;Creta;45447;6;3;0;3,52"
"google;atr_search | marca;Creta;45447;37;5;0;6,1"
"google;atr_search | Blumenau;Creta;45448;36;5;0;6,83"
google;atr_search | Jaraguá do Sul;Creta;45448;6;0;0;0
google;atr_search | Joinville;Creta;45448;1;0;0;0
"google;atr_search | marca;Creta;45448;233;21;1;35,45"
"google;atr_search | Blumenau;Loja;45449;26;3;0;3,31"
google;atr_search | Jaraguá do Sul;Loja;45449;4;0;0;0
"google;atr_search | Joinville;Loja;45449;46;10;1;20,8"
"google;atr_search | marca;Loja;45449;225;23;1;25,22"
"google;atr_search | Blumenau;HB20;45450;40;6;1;8,06"
"google;atr_search | Jaraguá do Sul;HB20;45450;10;1;0;0,5"
"google;atr_search | Joinville;HB20;45450;42;7;0;9,44"
"google;atr_search | marca;HB20;45450;253;24;1;26,65"
"google;atr_search | Blumenau;HB20;45451;33;2;0;4,02"
"google;atr_search | Jaraguá do Sul;HB20;45451;10;2;0;3,5"
"google;atr_search | Joinville;HB20;45451;26;2;0;2,07"
"google;atr_search | marca;HB20;45451;232;20;3;24,86"
"google;atr_search | Blumenau;Loja;45452;19;2;0;2,69"
"google;atr_search | Jaraguá do Sul;Loja;45452;9;2;0;2,24"
"google;atr_search | Joinville;Loja;45452;17;4;1;5,81"
"google;atr_search | marca;Loja;45452;259;28;1;40,58"
"google;atr_search | Blumenau;HB20;45453;68;12;0;15,29"
"google;atr_search | Jaraguá do Sul;HB20;45453;11;4;1;4,52"
"google;atr_search | Joinville;HB20;45453;68;10;1;12,19"
"google;atr_search | marca;HB20;45453;348;41;1;48,57"
"google;atr_search | Blumenau;Creta;45454;41;4;0;4,67"
"google;atr_search | Jaraguá do Sul;Creta;45454;14;4;1;5,56"
"google;atr_search | Joinville;Creta;45454;29;9;1;13,02"
"google;atr_search | marca;Creta;45454;124;14;3;29,41"
"google;atr_search | Blumenau;Creta;45455;59;4;0;13,38"
"google;atr_search | Jaraguá do Sul;Creta;45455;27;10;1;14,67"
"google;atr_search | Joinville;Creta;45455;53;8;0;10,51"
"google;atr_search | marca;Creta;45455;119;23;2;61,23"
"google;atr_search | Blumenau;Loja;45456;127;19;1;55,9"
"google;atr_search | Jaraguá do Sul;Loja;45456;21;6;1;9,38"
"google;atr_search | Joinville;Loja;45456;54;5;1;8,86"
"google;atr_search | marca;Loja;45456;82;19;3;43,42"
"google;atr_search | Blumenau;HB20;45457;126;16;2;71,83"
"google;atr_search | Jaraguá do Sul;HB20;45457;28;4;0;8,47"
"google;atr_search | Joinville;HB20;45457;51;11;2;23,46"
"google;atr_search | marca;HB20;45457;73;20;4;47,16"
"google;atr_search | Blumenau;HB20;45458;89;11;0;50,9"
"google;atr_search | Jaraguá do Sul;HB20;45458;16;3;1;5,26"
"google;atr_search | Joinville;HB20;45458;20;5;0;7,74"
"google;atr_search | marca;HB20;45458;113;21;2;37,83"
"google;atr_search | Blumenau;Loja;45459;61;12;0;64,5"
"google;atr_search | Jaraguá do Sul;Loja;45459;13;3;0;4,11"
"google;atr_search | Joinville;Loja;45459;16;6;0;7,88"
"google;atr_search | marca;Loja;45459;92;15;1;25,45"
"google;atr_search | Blumenau;HB20;45460;76;16;0;79,88"
"google;atr_search | Jaraguá do Sul;HB20;45460;26;4;1;7,85"
"google;atr_search | Joinville;HB20;45460;60;14;3;30,18"
"google;atr_search | marca;HB20;45460;105;15;1;37,84"
"google;atr_search | Blumenau;Creta;45461;78;12;0;79,98"
"google;atr_search | Jaraguá do Sul;Creta;45461;18;3;2;6,33"
"google;atr_search | Joinville;Creta;45461;34;7;0;8,7"
"google;atr_search | marca;Creta;45461;112;18;0;36,98"
"google;atr_search | Blumenau;Creta;45462;125;13;0;79,91"
"google;atr_search | Jaraguá do Sul;Creta;45462;33;5;2;10,83"
"google;atr_search | Joinville;Creta;45462;41;11;1;19,09"
"google;atr_search | marca;Creta;45462;105;18;2;32,93"
"google;atr_search | Blumenau;Loja;45463;62;9;0;79,99"
"google;atr_search | Jaraguá do Sul;Loja;45463;35;11;3;19,25"
"google;atr_search | Joinville;Loja;45463;48;15;1;28,48"
"google;atr_search | marca;Loja;45463;117;20;0;32,52"
"google;atr_search | Jaraguá do Sul;HB20;45464;32;6;0;7,14"
"google;atr_search | Joinville;HB20;45464;58;9;2;18,95"
"google;atr_search | marca;HB20;45464;149;32;4;56,66"
"google;atr_search | Jaraguá do Sul;HB20;45465;31;7;0;10,42"
"google;atr_search | Joinville;HB20;45465;58;14;0;43,44"
"google;atr_search | marca;HB20;45465;141;26;2;45,28"
"google;atr_search | Jaraguá do Sul;Loja;45466;6;2;0;2,41"
"google;atr_search | Joinville;Loja;45466;36;7;2;25,87"
"google;atr_search | marca;Loja;45466;111;14;0;18,12"
"google;atr_search | Jaraguá do Sul;HB20;45467;43;6;0;16,64"
"google;atr_search | Joinville;HB20;45467;101;31;1;105,05"
"google;atr_search | marca;HB20;45467;196;33;3;70,74"
"google;atr_search | Jaraguá do Sul;Creta;45468;29;6;1;23,85"
"google;atr_search | Joinville;Creta;45468;58;10;0;30,4"
"google;atr_search | marca;Creta;45468;204;24;2;43,89"
"google;atr_search | Jaraguá do Sul;Creta;45469;35;5;0;22,45"
"google;atr_search | Joinville;Creta;45469;84;18;1;84,76"
"google;atr_search | marca;Creta;45469;169;33;1;59,1"
"google;atr_search | Jaraguá do Sul;Loja;45470;32;5;1;35,83"
"google;atr_search | Joinville;Loja;45470;89;10;1;52,11"
"google;atr_search | marca;Loja;45470;163;26;2;57,94"
"google;atr_search | Jaraguá do Sul;HB20;45471;53;11;0;60,16"
"google;atr_search | Joinville;HB20;45471;53;10;0;106,73"
"google;atr_search | marca;HB20;45471;143;26;2;55,23"
"google;atr_search | Jaraguá do Sul;HB20;45472;39;4;1;27,8"
"google;atr_search | Joinville;HB20;45472;28;8;2;87,11"
"google;atr_search | marca;HB20;45472;106;20;1;32,39"
"google;atr_search | Jaraguá do Sul;Loja;45473;33;5;2;47,93"
"google;atr_search | Joinville;Loja;45473;16;5;1;13,96"
"google;atr_search | marca;Loja;45473;77;16;1;24,24"
"google;atr_search | Blumenau;HB20;45474;14;1;0;2,62"
"google;atr_search | Jaraguá do Sul;HB20;45474;38;6;0;67,28"
"google;atr_search | Joinville;HB20;45474;85;13;0;65,97"
"google;atr_search | marca;HB20;45474;214;21;0;27,79"
"google;atr_search | Blumenau;Creta;45475;83;13;0;79,42"
"google;atr_search | Jaraguá do Sul;Creta;45475;61;3;2;40,87"
"google;atr_search | Joinville;Creta;45475;59;8;1;34,82"
"google;atr_search | marca;Creta;45475;356;34;2;53,51"
"google;atr_search | Blumenau;Creta;45476;150;11;0;40,31"
"google;atr_search | Jaraguá do Sul;Creta;45476;261;16;0;49,03"
"google;atr_search | Joinville;Creta;45476;246;21;3;37,85"
"google;atr_search | marca;Creta;45476;318;28;2;48,83"
"google;atr_search | Blumenau;Loja;45477;245;16;1;47,85"
"google;atr_search | Jaraguá do Sul;Loja;45477;145;5;0;35,51"
"google;atr_search | Joinville;Loja;45477;300;15;0;38,03"
"google;atr_search | marca;Loja;45477;314;29;1;46,43"
"google;atr_search | Blumenau;HB20;45478;106;16;2;38,76"
"google;atr_search | Jaraguá do Sul;HB20;45478;303;14;0;43,06"
"google;atr_search | Joinville;HB20;45478;302;19;0;28,67"
"google;atr_search | marca;HB20;45478;536;31;2;38,5"
"google;atr_search | Blumenau;HB20;45479;191;25;2;46,98"
"google;atr_search | Jaraguá do Sul;HB20;45479;117;8;0;36,02"
"google;atr_search | Joinville;HB20;45479;74;6;0;23,32"
"google;atr_search | marca;HB20;45479;310;24;3;30,6"
"google;atr_search | Blumenau;Loja;45480;270;22;1;44,94"
"google;atr_search | Jaraguá do Sul;Loja;45480;153;12;1;24,31"
"google;atr_search | Joinville;Loja;45480;351;15;1;32,93"
"google;atr_search | marca;Loja;45480;313;23;1;29,71"
"google;atr_search | Blumenau;HB20;45481;181;23;0;42,47"
"google;atr_search | Jaraguá do Sul;HB20;45481;218;20;0;36,25"
"google;atr_search | Joinville;HB20;45481;463;20;1;34,61"
"google;atr_search | marca;HB20;45481;447;35;1;39,91"
"google;atr_search | Blumenau;Creta;45482;161;15;0;48,12"
"google;atr_search | Jaraguá do Sul;Creta;45482;376;21;0;36,79"
"google;atr_search | Joinville;Creta;45482;336;16;1;32,52"
"google;atr_search | marca;Creta;45482;360;35;2;42,83"
"google;atr_search | Blumenau;Creta;45483;303;19;0;37,64"
"google;atr_search | Jaraguá do Sul;Creta;45483;325;20;1;37,93"
"google;atr_search | Joinville;Creta;45483;440;16;0;20,65"
"google;atr_search | marca;Creta;45483;391;24;1;40,4"
"google;atr_search | Blumenau;Loja;45484;199;17;0;40,6"
"google;atr_search | Jaraguá do Sul;Loja;45484;339;19;0;34,91"
"google;atr_search | Joinville;Loja;45484;473;30;1;53,22"
"google;atr_search | marca;Loja;45484;580;34;2;39,19"
"google;atr_search | Blumenau;HB20;45485;245;17;0;29,69"
"google;atr_search | Jaraguá do Sul;HB20;45485;301;23;0;35,61"
"google;atr_search | Joinville;HB20;45485;259;15;1;25,53"
"google;atr_search | marca;HB20;45485;494;44;0;55,71"
"google;atr_search | Blumenau;HB20;45486;143;13;0;19,09"
"google;atr_search | Jaraguá do Sul;HB20;45486;171;14;1;16,81"
"google;atr_search | Joinville;HB20;45486;184;10;0;10,59"
"google;atr_search | marca;HB20;45486;368;22;0;35,36"
"google;atr_search | Blumenau;Loja;45487;121;8;0;6,51"
"google;atr_search | Jaraguá do Sul;Loja;45487;195;5;0;4,55"
"google;atr_search | Joinville;Loja;45487;232;14;0;14,28"
"google;atr_search | marca;Loja;45487;293;26;2;34,81"
"google;atr_search | Blumenau;HB20;45488;145;14;0;12,19"
"google;atr_search | Jaraguá do Sul;HB20;45488;160;12;0;16,39"
"google;atr_search | Joinville;HB20;45488;308;27;1;35,09"
"google;atr_search | marca;HB20;45488;541;31;2;46,74"
"google;atr_search | Blumenau;Creta;45489;161;12;0;13,73"
"google;atr_search | Jaraguá do Sul;Creta;45489;155;16;0;18,64"
"google;atr_search | Joinville;Creta;45489;193;11;0;11,88"
"google;atr_search | marca;Creta;45489;618;41;1;55,85"
"google;atr_search | Blumenau;Creta;45490;157;9;1;9,71"
"google;atr_search | Joinville;Creta;45490;220;13;0,5;17,91"
"google;atr_search | marca;Creta;45490;471;29;0,5;44,12"
"google;atr_search | Blumenau;Loja;45491;147;10;0;9,59"
"google;atr_search | joinviile (NEW) - TESTE;Loja;45491;20;6;1;11,53"
"google;atr_search | Joinville;Loja;45491;200;9;1;9,31"
"google;atr_search | marca;Loja;45491;567;31;0;42,39"
"google;atr_search | Blumenau;HB20;45492;156;8;1;6,25"
"google;atr_search | joinviile (NEW) - TESTE;HB20;45492;64;17;1;42,53"
"google;atr_search | Joinville;HB20;45492;174;13;0;11,31"
"google;atr_search | marca;HB20;45492;198;19;1;30,44"
"google;atr_search | Blumenau;HB20;45493;129;8;0;8,83"
"google;atr_search | joinviile (NEW) - TESTE;HB20;45493;80;14;0;41,78"
"google;atr_search | Joinville;HB20;45493;149;4;0;5,36"
"google;atr_search | marca;HB20;45493;319;20;2;32,81"
"google;atr_search | Blumenau;Loja;45494;82;9;0;13,54"
"google;atr_search | joinviile (NEW) - TESTE;Loja;45494;62;10;0;42,85"
"google;atr_search | Joinville;Loja;45494;141;8;0;6,35"
"google;atr_search | marca;Loja;45494;341;22;0;30,13"
"google;atr_search | Blumenau;HB20;45495;73;7;0;5,36"
"google;atr_search | joinviile (NEW) - TESTE;HB20;45495;85;9;1;48,57"
"google;atr_search | Joinville;HB20;45495;276;12;1;13,7"
"google;atr_search | marca;HB20;45495;362;32;2;50,98"
"google;atr_search | joinviile (NEW) - TESTE;Creta;45496;12;1;0;16,8"
"google;atr_search | Joinville;Creta;45496;211;13;0;15,12"
"google;atr_search | marca;Creta;45496;679;55;2;81,67"
google;atr_search | AsU;Creta;45497;8;0;0;0
"google;atr_search | Joinville;Creta;45497;235;16;0;13,1"
"google;atr_search | marca;Creta;45497;655;52;5;78,73"
"google;atr_search | AsU;Loja;45498;185;24;2;39,06"
"google;atr_search | Joinville;Loja;45498;219;21;1;22,57"
"google;atr_search | marca;Loja;45498;513;59;2;82,3"
"google;atr_search | AsU;HB20;45499;174;16;0;23,68"
"google;atr_search | Joinville;HB20;45499;165;11;0;8,92"
"google;atr_search | marca;HB20;45499;595;48;1;60,93"
"google;atr_search | AsU;HB20;45500;99;15;0;18,2"
"google;atr_search | Joinville;HB20;45500;139;10;0;8,44"
"google;atr_search | marca;HB20;45500;694;67;3;77,01"
"google;atr_search | AsU;Loja;45501;108;6;0;6,57"
"google;atr_search | Joinville;Loja;45501;133;9;0;7,29"
"google;atr_search | marca;Loja;45501;563;56;1;70,03"
"google;atr_search | AsU;HB20;45502;226;25;1;35,07"
"google;atr_search | Joinville;HB20;45502;219;12;1;15,34"
"google;atr_search | marca;HB20;45502;577;60;2;83,33"
"google;atr_search | AsU;Creta;45503;146;14;2;16,99"
"google;atr_search | Joinville;Creta;45503;218;7;2;6,78"
"google;atr_search | marca;Creta;45503;517;52;2;73,4"
"google;atr_search | AsU;Creta;45504;123;14;0;15,18"
"google;atr_search | Joinville;Creta;45504;194;6;0;4,59"
"google;atr_search | marca;Creta;45504;486;45;5;67,6"
"google;atr_search | AsU;Loja;45505;98;7;0;13,98"
"google;atr_search | Joinville;Loja;45505;141;10;1;7,16"
"google;atr_search | marca;Loja;45505;603;46;5;59,15"
"google;atr_search | AsU;HB20;45506;61;3;0;3,25"
"google;atr_search | Joinville;HB20;45506;110;8;0;8,15"
"google;atr_search | marca;HB20;45506;572;48;1;50,15"
"google;atr_search | AsU;HB20;45507;47;2;0;2,47"
"google;atr_search | Joinville;HB20;45507;104;2;0;2,21"
"google;atr_search | marca;HB20;45507;537;56;1;58,14"
"google;atr_search | AsU;Loja;45508;42;4;0;3,91"
"google;atr_search | Joinville;Loja;45508;104;4;0;2,45"
"google;atr_search | marca;Loja;45508;509;42;0;36,24"
"google;atr_search | AsU;HB20;45509;96;12;0;13,63"
"google;atr_search | Joinville;HB20;45509;147;8;1;4,74"
"google;atr_search | marca;HB20;45509;703;57;7;78,59"
"google;atr_search | AsU;Creta;45510;70;3;1;2,85"
"google;atr_search | Joinville;Creta;45510;119;7;0;8,58"
"google;atr_search | marca;Creta;45510;587;46;1;56,46"
"google;atr_search | AsU;Creta;45511;38;3;0;4,36"
"google;atr_search | Joinville;Creta;45511;109;7;1;6,5"
"google;atr_search | marca;Creta;45511;466;36;1;45,04"
"google;atr_search | AsU;Loja;45512;42;6;1;5,21"
"google;atr_search | Joinville;Loja;45512;120;8;0;8,39"
"google;atr_search | marca;Loja;45512;585;49;2;53,32"
"google;atr_search | AsU;HB20;45513;44;6;0;6,68"
"google;atr_search | Joinville;HB20;45513;81;5;2;3,76"
"google;atr_search | marca;HB20;45513;511;48;3;72,45"
"google;atr_search | AsU;HB20;45514;34;5;0;6,54"
"google;atr_search | Joinville;HB20;45514;89;8;0;7,82"
"google;atr_search | marca;HB20;45514;364;40;2;42,71"
"google;atr_search | AsU;Loja;45515;24;1;0;0,8"
"google;atr_search | Joinville;Loja;45515;97;3;0;2,97"
"google;atr_search | marca;Loja;45515;385;22;0;28,75"
"google;atr_search | AsU;HB20;45516;61;2;0;2,52"
"google;atr_search | Joinville;HB20;45516;119;8;0;5,82"
"google;atr_search | marca;HB20;45516;640;46;1;54,33"
"google;atr_search | AsU;Creta;45517;38;2;0;1,34"
"google;atr_search | Joinville;Creta;45517;93;9;0;5,97"
"google;atr_search | marca;Creta;45517;653;65;1;72,77"
"google;atr_search | AsU;Creta;45518;25;3;0;3,07"
"google;atr_search | Joinville;Creta;45518;99;12;0;11,1"
"google;atr_search | marca;Creta;45518;576;53;2;63,9"
"google;atr_search | AsU;Loja;45519;28;2;1;1,35"
"google;atr_search | Joinville;Loja;45519;131;4;0;6,23"
"google;atr_search | marca;Loja;45519;605;59;3;67,69"
"google;atr_search | AsU;HB20;45520;56;3;0;5,54"
"google;atr_search | Joinville;HB20;45520;122;4;0;3,64"
"google;atr_search | marca;HB20;45520;380;50;0;68,16"
"google;atr_search | AsU;HB20;45521;28;1;1;1,26"
"google;atr_search | Joinville;HB20;45521;98;5;0;4,92"
"google;atr_search | marca;HB20;45521;395;35;2;38,45"
"google;atr_search | AsU;Loja;45522;13;2;0;1,82"
"google;atr_search | Joinville;Loja;45522;88;2;0;0,53"
"google;atr_search | marca;Loja;45522;422;39;4;49,09"
"google;atr_search | AsU;HB20;45523;60;4;1;2,82"
"google;atr_search | Joinville;HB20;45523;136;9;0;6,22"
"google;atr_search | marca;HB20;45523;709;76;4;96,99"
"google;atr_search | AsU;Creta;45524;55;5;0;5,99"
"google;atr_search | Joinville;Creta;45524;154;14;0;13,11"
"google;atr_search | marca;Creta;45524;703;74;4;98,89"
"google;atr_search | AsU;Creta;45525;66;5;1;4,44"
"google;atr_search | Joinville;Creta;45525;119;8;1;6,49"
"google;atr_search | marca;Creta;45525;550;70;3;91,08"
"google;atr_search | AsU;Loja;45526;45;4;0;5,4"
"google;atr_search | Joinville;Loja;45526;143;9;1;11,69"
"google;atr_search | marca;Loja;45526;666;52;1;78,89"
"google;atr_search | AsU;HB20;45527;76;9;1;9,3"
"google;atr_search | Joinville;HB20;45527;132;12;0;8,94"
"google;atr_search | marca;HB20;45527;403;47;4;65,87"
"google;atr_search | AsU;HB20;45528;39;5;0;6,21"
"google;atr_search | Joinville;HB20;45528;121;12;0;11,36"
"google;atr_search | marca;HB20;45528;528;41;2;47,32"
"google;atr_search | AsU;Loja;45529;24;2;1;1,62"
"google;atr_search | Joinville;Loja;45529;79;1;0;0,35"
"google;atr_search | marca;Loja;45529;436;34;2;40,72"
"google;atr_search | AsU;HB20;45530;113;10;0;13,28"
"google;atr_search | Blumenau;HB20;45530;11;1;0;0,5"
"google;atr_search | Jaraguá do Sul;HB20;45530;10;1;0;0,85"
"google;atr_search | Joinville;HB20;45530;199;16;0;18,69"
"google;atr_search | marca;HB20;45530;315;37;1;50,52"
"google;atr_search | Ponta Grossa;HB20;45530;18;3;0;3,43"
"google;atr_search | AsU;Creta;45531;103;23;2;25,82"
"google;atr_search | Blumenau;Creta;45531;117;20;1;32,87"
"google;atr_search | Jaraguá do Sul;Creta;45531;68;11;0;19,86"
"google;atr_search | Joinville;Creta;45531;198;14;0;19,46"
"google;atr_search | marca;Creta;45531;297;19;3;26,99"
"google;atr_search | Ponta Grossa;Creta;45531;1044;15;1;13,66"
"google;atr_search | AsU;Creta;45532;102;13;0;19,59"
"google;atr_search | Blumenau;Creta;45532;105;14;4;30,16"
"google;atr_search | Jaraguá do Sul;Creta;45532;211;13;4;18,21"
"google;atr_search | Joinville;Creta;45532;158;19;2;23,64"
"google;atr_search | marca;Creta;45532;434;26;0;24,22"
"google;atr_search | Ponta Grossa;Creta;45532;453;34;1;49,21"
"google;atr_search | AsU;Loja;45533;81;11;1;25,88"
"google;atr_search | Blumenau;Loja;45533;111;16;4;23,6"
"google;atr_search | Jaraguá do Sul;Loja;45533;80;5;3;12,16"
"google;atr_search | Joinville;Loja;45533;125;13;2;20,11"
"google;atr_search | marca;Loja;45533;430;23;1,5;25,63"
"google;atr_search | Ponta Grossa;Loja;45533;777;24;2;31,7"
"google;atr_search | AsU;HB20;45534;161;16;3;24,25"
"google;atr_search | Blumenau;HB20;45534;103;13;1;19,03"
"google;atr_search | Jaraguá do Sul;HB20;45534;190;9;3;17,51"
"google;atr_search | Joinville;HB20;45534;150;15;4;23,93"
"google;atr_search | marca;HB20;45534;157;17;4,5;24,65"
"google;atr_search | Ponta Grossa;HB20;45534;896;35;0;32,52"
"google;atr_search | AsU;HB20;45535;112;9;1;16,85"
"google;atr_search | Blumenau;HB20;45535;88;14;3;19,78"
"google;atr_search | Jaraguá do Sul;HB20;45535;129;10;3;20,71"
"google;atr_search | Joinville;HB20;45535;145;9;1;17,64"
"google;atr_search | marca;HB20;45535;339;29;1;25,65"
"google;atr_search | Ponta Grossa;HB20;45535;263;15;2;20,14"